Disease,Severity (Male <18),Severity (Male 18-45),Severity (Male 46-65),Severity (Male >65),Severity (Female <18),Severity (Female 18-45),Severity (Female 46-65),Severity (Female >65)
Influenza,Moderate,Moderate,Moderate,Severe,Moderate,Moderate,Moderate,Severe
Strep Throat,Moderate,Mild,Moderate,Moderate,Moderate,Mild,Moderate,Moderate
Gastroenteritis,Severe,Moderate,Moderate,Severe,Severe,Moderate,Moderate,Severe
Allergic Reaction,Moderate,Severe,Severe,Severe,Moderate,Severe,Severe,Severe
Pneumonia,Severe,Moderate,Severe,Severe,Severe,Moderate,Severe,Severe
Diabetes,Mild,Moderate,Severe,Severe,Mild,Moderate,Severe,Severe
Migraine,Mild,Severe,Moderate,Moderate,Mild,Severe,Moderate,Moderate
Eczema,Mild,Moderate,Moderate,Moderate,Mild,Moderate,Moderate,Moderate
Hypertension,Mild,Moderate,Severe,Severe,Mild,Moderate,Severe,Severe
Heart Attack,Moderate,Severe,Severe,Severe,Moderate,Severe,Severe,Severe
Asthma,Moderate,Moderate,Severe,Severe,Moderate,Moderate,Severe,Severe
Chronic Obstructive Pulmonary Disease (COPD),Moderate,Severe,Severe,Severe,Moderate,Severe,Severe,Severe
Coronary Artery Disease (CAD),Moderate,Moderate,Severe,Severe,Moderate,Moderate,Severe,Severe
Anxiety Disorders,Moderate,Moderate,Moderate,Severe,Moderate,Moderate,Moderate,Severe
Osteoarthritis,Mild,Moderate,Severe,Severe,Mild,Moderate,Severe,Severe
Chronic Kidney Disease,Moderate,Severe,Severe,Severe,Moderate,Severe,Severe,Severe
Hyperlipidemia (High Cholesterol),Mild,Moderate,Severe,Severe,Mild,Moderate,Severe,Severe
GERD (Gastroesophageal Reflux Disease),Mild,Moderate,Severe,Severe,Mild,Moderate,Severe,Severe
Cancer (Breast),Mild,Moderate,Severe,Severe,Mild,Moderate,Severe,Severe
Alzheimer's Disease,Moderate,Moderate,Severe,Severe,Moderate,Moderate,Severe,Severe
