Disease,Symptoms
Common Cold,Runny nose;Sneezing;Sore throat;Mild cough;Fatigue
Flu,Fever;Headache;Body aches;Fatigue;Cough;Sore throat
Strep Throat,Sore throat;Difficulty swallowing;Red spots on the roof of the mouth;Fever
Gastroenteritis,Nausea;Vomiting;Diarrhea;Stomach cramps
Allergic Rhinitis,Sneezing;Runny nose;Itchy eyes;Coughing;Fatigue
Pneumonia,Cough;Fever;Shortness of breath;Chest pain;Fatigue
Diabetes Type 2,Increased thirst;Frequent urination;Fatigue;Blurred vision
Migraine,Severe headache;ausea;Sensitivity to light and sound
Eczema,Itchy skin; Red patches; Dry skin; Inflammation  
High Blood Pressure (Hypertension),Often none (Silent);Headaches;Dizziness;Shortness of breath   
Asthma,Wheezing;Shortness of breath;Coughing;Chest tightness  
Osteoarthritis,Joint pain;Stiffness; Swelling;Decreased mobility  
Chronic Kidney Disease,Fatigue;Swelling in legs and feet;Changes in urination;Shortness of breath  
Acid Reflux (GERD),Heartburn;Regurgitation;Chest pain;Difficulty swallowing  
Anxiety,Excessive worry;Nervousness;Restlessness;Trouble sleeping  
Depression,Persistent sadness;Loss of interest;Fatigue;Changes in appetite or sleep  
Back Pain,Lower back pain;Muscle stiffness;Pain when moving or bending  
Anemia,Fatigue;Weakness;Pale skin;Shortness of breath
Tuberculosis,Coughing up blood;Night sweats;Weight loss;Fever
Common Cold,Runny nose;sneezing;mild cough
Diabetes,Increased thirst;frequent urination;fatigues
Upper Respiratory Tract Infection,Cough;Runny nose;Fever
SampleDisease,swew
