Disease,Description
Common Cold,An upper respiratory infection caused by viruses,characterized by symptoms like a runny nose,sore throat,and mild cough.
Flu,A viral respiratory infection with symptoms such as fever,body aches,and fatigue.
Strep Throat,A bacterial throat infection caused by Streptococcus bacteria,leading to a sore throat,difficulty swallowing,and fever.
Gastroenteritis,Inflammation of the stomach and intestines often caused by viral or bacterial infections,leading to nausea,vomiting,diarrhea,and stomach cramps.
Allergic Rhinitis,A condition where the immune system reacts to allergens like pollen,dust,or pet dander,causing sneezing,runny nose,and itchy eyes.
Pneumonia,An infection of the lungs causing cough,fever,shortness of breath,and chest pain.
Diabetes Type 2,A chronic condition where the body becomes resistant to insulin,leading to increased thirst,frequent urination,and fatigue.
Migraine,A severe form of headache,often accompanied by nausea,vomiting,and sensitivity to light or sound.
Eczema,A chronic skin condition causing itchy,inflamed skin,often with red patches,dryness,and irritation.
High Blood Pressure (Hypertension),A condition where the force of the blood against the artery walls is consistently too high,potentially causing headaches,dizziness,and shortness of breath.
Asthma,A chronic respiratory condition where the airways become inflamed,leading to wheezing,shortness of breath,and coughing.
Osteoarthritis,A degenerative joint disease where the cartilage wears down over time,causing joint pain,stiffness,and reduced mobility.
Chronic Kidney Disease,A condition where the kidneys gradually lose function,leading to fatigue,swelling,and changes in urination.
Acid Reflux (GERD),A digestive condition where stomach acid frequently leaks into the esophagus,causing heartburn,regurgitation,and difficulty swallowing.
Anxiety,A mental health condition characterized by excessive worry,nervousness,and restlessness.
Depression,A mood disorder marked by persistent sadness,loss of interest in activities,fatigue,and changes in appetite or sleep.
Back Pain,Pain that affects the back,typically involving the lower back,caused by muscle strain,injury,or conditions like arthritis.
Anemia,A condition in which there is a deficiency of red blood cells or hemoglobin,causing fatigue,weakness,and shortness of breath.
Tuberculosis,A bacterial infection primarily affecting the lungs,causing coughing up blood,night sweats,weight loss,and fever.
