Disease,Doctor_Type,
Common Cold,General Practitioner
Flu,General Practitioner
Strep Throat,General Practitioner
Strep Throat,ENT Specialist
Gastroenteritis,General Practitioner
Gastroenteritis,Gastroenterologist
Allergic Rhinitis,Allergist
Allergic Rhinitis,Immunologist
Pneumonia,Pulmonologist
Pneumonia,General Practitioner
Diabetes Type 2,Endocrinologist
Diabetes Type 2,General Practitioner
Migraine,Neurologist
Eczema,Dermatologist
High Blood Pressure (Hypertension),Cardiologist
High Blood Pressure,General Practitioner
Asthma,Pulmonologist
Asthma,Allergist
Osteoarthritis,Rheumatologist
Osteoarthritis,Orthopedic Specialist
Chronic Kidney Disease,Nephrologist
Acid Reflux (GERD),Gastroenterologist
Anxiety,Psychiatrist
Anxiety,Psychologist
Depression,Psychiatrist
Depression,Psychologist
Back Pain,Orthopedic Specialist
Back Pain,Rheumatologist
Anemia,Hematologist
Anemia,General Practitioner
Tuberculosis,Pulmonologist
Tuberculosis,Infectious Disease Specialist
Arthritis,General Practitioner
D1,General Practitioner
Sample,General Practitioner
Genen,General Practitioner
addafwfgwf,General Practitioner
adadada,General Practitioner
asada,General Practitioner
asas,General Practitioner
Puke,General Practitioner
Hey,General Practitioner
Green,General Practitioner
Dwow,General Practitioner
