Symptom,Anatomy
Headache,Head
Sensitivity to Light,Head
Sore Throat,Neck
Rash,Skin
Itching,Skin
Dry Skin,Skin
Redness,Skin
Fever,Whole Body
Fatigue,Whole Body
Cough,Respiratory System
Shortness of Breath,Respiratory System
Wheezing,Respiratory System
Chest Tightness,Chest
Chest Pain,Chest
Heartburn,Digestive System
Regurgitation,Digestive System
Difficulty Swallowing,Digestive System
Nausea,Abdomen
Vomiting,Abdomen
Diarrhea,Abdomen
Joint Pain,Musculoskeletal System
Stiffness,Musculoskeletal System
Swelling,Musculoskeletal System
Decreased Range of Motion,Musculoskeletal System
Memory Loss,Brain
Confusion,Brain
Difficulty Concentrating,Brain
Changes in Mood,Brain
Increased Thirst,Endocrine System
Frequent Urination,Endocrine System
Chronic Cough,Respiratory System
Trouble Sleeping,Brain
Excessive Worry,Brain
Rapid Heartbeat,Cardiovascular System
Lump in Breast,Breast
Nipple Discharge,Breast
Changes in Breast Shape,Breast
Changes in Breast Size,Breast
