Disease,Doctor_Type,
Influenza,General Practitioner
Influenza,Family Medicine Doctor
Strep Throat,General Practitioner
Strep Throat,ENT Specialist
Gastroenteritis,Gastroenterologist
Gastroenteritis,General Practitioner
Allergic Reaction,Allergist
Allergic Reaction,Immunologist
Pneumonia,Pulmonologist
Pneumonia,General Practitioner
Diabetes,Endocrinologist
Migraine,Neurologist
Eczema,Dermatologist
Hypertension,Cardiologist
Hypertension,General Practitioner
Heart Attack,Cardiologist
Asthma,Pulmonologist;Allergist
Asthma,Immunologist
Chronic Obstructive Pulmonary Disease (COPD),Pulmonologist
Coronary Artery Disease (CAD),Cardiologist
Anxiety Disorders,Psychiatrist
Anxiety Disorders,Psychologist
Osteoarthritis,Rheumatologist
Osteoarthritis,Orthopedic Specialist
Chronic Kidney Disease,Nephrologist
Hyperlipidemia (High Cholesterol),Cardiologist
Hyperlipidemia (High Cholesterol),Endocrinologist
GERD (Gastroesophageal Reflux Disease),Gastroenterologist
Cancer (Breast),Oncologist
Cancer (Breast),Breast Surgeon
Alzheimer's Disease,Neurologist
Alzheimer's Disease,Geriatrician